,customer_id,age,income,category,region,loyalty_score
0,1,39,38551,Clothing,East,17.81787660235075
1,2,33,31883,Electronics,East,19.742209534808435
2,3,41,22558,Clothing,West,17.577123530369356
3,4,50,17004,Electronics,South,35.33250000779517
4,5,32,29123,Food,West,35.688477227067075
5,6,32,25781,Other,South,7.937011548157609
6,7,50,31510,Electronics,North,9.02907817224052
7,8,42,28397,Other,West,42.03462332848342
8,9,30,33517,Clothing,South,9.122236411536615
9,10,40,17781,Electronics,South,43.83909719454998
10,11,30,37307,Electronics,West,5.8638072155250756
11,12,30,23838,Clothing,West,57.680568958521874
12,13,37,50518,Food,South,21.495037422837186
13,14,18,16719,Home,West,4.014434945795762
14,15,18,44107,Electronics,East,41.441810183806574
15,16,29,23841,Electronics,West,32.51310105336174
16,17,24,16973,Clothing,West,30.462733385924274
17,18,38,18150,Electronics,West,18.92799079263051
18,19,25,19377,Electronics,South,22.422853672635828
19,20,20,26099,Electronics,East,20.75110988010691
20,21,49,27150,Food,North,24.21811689885032
21,22,32,17509,Other,North,32.497330401090224
22,23,35,21812,Clothing,East,8.247267632328487
23,24,20,51891,Other,East,42.577388614634444
24,25,29,43959,Clothing,East,14.203759643705267
25,26,36,26226,Clothing,South,3.901952045667293
26,27,23,22363,Electronics,North,19.40778060615878
27,28,38,23109,Home,East,34.68449412827931
28,29,28,28152,Other,South,18.713062491593714
29,30,32,14630,Home,North,11.69086680659166
30,31,28,19871,Clothing,West,8.849373873910867
31,32,53,11300,Home,South,26.420465489858458
32,33,34,25840,Electronics,North,13.388499894710105
33,34,24,28534,Food,South,12.830424923502665
34,35,43,18155,Clothing,North,11.955361079034603
35,36,22,41340,Clothing,North,9.120852497260588
36,37,37,13489,Home,West,46.78488728331676
37,38,18,12261,Home,South,24.931934869693027
38,39,21,24095,Electronics,East,52.374522588424355
39,40,36,33484,Home,West,18.884537721774542
40,41,42,43198,Electronics,West,33.037380134393224
41,42,36,18332,Home,North,48.310690859126424
42,43,33,33910,Food,East,56.297047246914374
43,44,31,21689,Food,South,26.546845956389493
44,45,20,20556,Home,East,20.332027378321033
45,46,27,31365,Clothing,East,21.137934943885124
46,47,30,28593,Electronics,East,14.507702325362276
47,48,45,11724,Food,East,11.224895460534887
48,49,38,39759,Electronics,East,25.447516606995297
49,50,18,38255,Clothing,North,17.713755075876502
50,51,38,17150,Electronics,North,56.258515334003334
51,52,31,25804,Electronics,West,5.988625613699209
52,53,28,26839,Home,North,33.22193302124325
53,54,41,24447,Electronics,West,13.282509332979364
54,55,45,17674,Home,West,29.12434279172804
55,56,44,16837,Clothing,South,21.17896328865852
56,57,26,21802,Electronics,East,27.787292488231895
57,58,31,35210,Clothing,North,19.006216839104255
58,59,38,27376,Electronics,South,21.37450004178383
59,60,44,18991,Electronics,North,11.603600325909765
60,61,30,29991,Home,West,19.600880118123296
61,62,33,7048,Electronics,North,19.460414633823603
62,63,23,34874,Food,East,12.016596269169016
63,64,23,10983,Electronics,West,28.81738348704263
64,65,43,19053,Electronics,West,19.451076843381124
65,66,48,14074,Home,South,22.190174670034967
66,67,34,13123,Clothing,East,49.244241405815075
67,68,45,35042,Electronics,West,8.506599782258311
68,69,38,18268,Clothing,East,17.078468035505963
69,70,28,25301,Electronics,North,32.75299415979275
70,71,38,21616,Food,East,31.460175346989562
71,72,50,26657,Clothing,West,55.913004317614565
72,73,34,22713,Food,South,5.690746574113332
73,74,50,13184,Food,West,52.15862971395819
74,75,18,32810,Clothing,East,11.091117446247269
75,76,43,18078,Other,East,22.652284530795473
76,77,35,11817,Clothing,West,8.232379528839836
77,78,32,18559,Other,East,2.033762111179792
78,79,35,40147,Electronics,North,51.50992247062109
79,80,18,30948,Home,West,15.242958329970671
80,81,32,19159,Clothing,South,40.1561690342304
81,82,38,19154,Clothing,West,19.34741652155991
82,83,49,19367,Home,North,56.76055160091945
83,84,29,50549,Home,North,20.7457529958512
84,85,26,25662,Electronics,North,24.303279275432917
85,86,29,26160,Electronics,North,16.867962259904033
86,87,44,33260,Home,North,11.978721348434995
87,88,38,24234,Home,South,42.81637369757693
88,89,29,19858,Other,East,28.05328520070296
89,90,40,20362,Food,North,2.5530459181464824
90,91,35,21404,Other,North,57.588389337989376
91,92,44,21700,Home,West,24.667491342653282
92,93,27,29467,Electronics,South,12.659141193795396
93,94,31,22488,Electronics,South,7.690526282307506
94,95,31,29526,Food,East,13.178659947560378
95,96,20,21326,Home,South,34.235225040309444
96,97,37,22730,Electronics,West,44.22870444385288
97,98,37,9904,Clothing,West,22.902080143355764
98,99,35,31778,Other,East,81.33424050014514
99,100,32,25300,Clothing,West,20.792342426577648
100,101,20,32833,Clothing,North,26.083444259376066
101,102,30,6915,Clothing,North,10.952628416623476
102,103,31,50784,Electronics,West,25.085125200039492
103,104,26,20830,Clothing,East,46.152626905013165
104,105,33,34312,Clothing,South,62.24521206393593
105,106,39,14530,Electronics,East,39.84798933684013
106,107,53,28144,Food,South,5.8734322284688645
107,108,36,14452,Clothing,West,9.968586243360074
108,109,37,17162,Food,West,5.874538677015844
109,110,34,47363,Food,North,14.049481279644285
110,111,18,20408,Electronics,South,18.13561796987827
111,112,34,24027,Home,East,12.077322769540528
112,113,35,31195,Clothing,West,38.03905055871858
113,114,59,26856,Food,East,11.550874706878707
114,115,33,23392,Electronics,North,34.42408863859198
115,116,38,25488,Home,South,42.40345061051237
116,117,34,57605,Home,South,22.282399733200585
117,118,23,21524,Electronics,West,49.661588793271974
118,119,46,23871,Electronics,South,36.72419812866422
119,120,42,33532,Home,West,17.66046090707247
120,121,42,34276,Home,North,25.806347299908467
121,122,25,35412,Clothing,South,18.9464696727799
122,123,49,28438,Home,West,41.55398954279267
123,124,20,13943,Clothing,East,37.36665773648109
124,125,40,42335,Home,West,31.574326822413955
125,126,56,13925,Electronics,South,8.399329541065491
126,127,25,24860,Food,North,17.04002605691204
127,128,29,16289,Electronics,South,14.77675605532415
128,129,35,21468,Clothing,South,3.9946971742571042
129,130,29,25122,Electronics,West,10.329415178606531
130,131,19,25047,Electronics,East,10.515294927659564
131,132,35,26075,Clothing,South,22.786647909438923
132,133,24,42002,Electronics,East,40.368453719585894
133,134,39,26407,Food,West,18.54125091233029
134,135,25,19977,Electronics,East,23.563203212078125
135,136,50,32390,Clothing,West,23.568719520267642
136,137,27,35446,Clothing,North,25.56894500410284
137,138,31,13479,Electronics,East,27.731658935159587
138,139,43,27972,Electronics,East,49.29038584246122
139,140,22,29157,Clothing,North,22.461636012846697
140,141,37,19554,Clothing,East,49.78941595164927
141,142,48,38188,Clothing,North,27.08167713466874
142,143,18,20743,Clothing,South,24.479665272925118
143,144,36,23161,Home,West,70.69398340941842
144,145,37,20553,Electronics,North,44.05181037535751
145,146,42,22164,Clothing,East,4.283204593560013
146,147,22,14206,Other,North,33.82887652701045
147,148,21,12381,Clothing,East,10.93125928188253
148,149,40,41681,Home,South,27.90779756873904
149,150,37,15696,Clothing,North,12.319567633573483
150,151,37,14815,Food,South,31.085490028701983
151,152,38,9308,Food,West,58.07638662086987
152,153,28,17058,Clothing,East,35.20188680892029
153,154,37,12974,Other,East,21.16244883009573
154,155,37,42480,Electronics,South,19.060156650468272
155,156,27,32988,Electronics,West,52.874061745044656
156,157,53,16726,Food,North,34.41654266410305
157,158,39,54229,Food,North,50.9483025220101
158,159,23,32620,Electronics,East,38.88300984943921
159,160,41,19342,Electronics,South,24.862235523960223
160,161,25,8105,Electronics,South,32.585022418213924
161,162,42,55070,Electronics,North,61.614908984754216
162,163,46,12634,Food,West,26.37367830498125
163,164,26,11405,Clothing,West,18.21869445534877
164,165,44,33157,Clothing,North,17.1892970512924
165,166,39,58448,Clothing,North,39.67058968120799
166,167,43,38319,Electronics,South,20.24517443898647
167,168,53,27599,Electronics,West,22.863765281597825
168,169,32,27942,Home,North,46.349070456281474
169,170,27,30988,Other,North,10.118673151915425
170,171,26,29838,Food,East,27.99184058289093
171,172,26,24648,Electronics,North,49.14679824608622
172,173,34,22963,Food,North,31.599410767455666
173,174,38,21481,Food,West,28.171942212286076
174,175,37,16291,Food,South,37.74191190742991
175,176,43,19687,Clothing,West,32.31700330669986
176,177,35,11190,Clothing,South,24.53787438648542
177,178,49,21176,Clothing,East,5.079942872190077
178,179,32,14832,Electronics,North,38.93073782684028
179,180,62,14165,Electronics,East,9.094489894008023
180,181,41,23669,Electronics,South,40.66073344417187
181,182,26,38437,Clothing,West,4.913317291823275
182,183,24,31803,Home,West,13.406080555620095
183,184,39,11752,Clothing,East,31.13574232014944
184,185,32,14826,Electronics,South,23.475450753864354
185,186,42,32090,Other,East,20.6551447443036
186,187,39,14868,Other,East,68.1655268261712
187,188,34,20133,Food,North,41.25868136483029
188,189,26,27447,Other,East,5.312104295972002
189,190,19,14952,Clothing,North,49.06190425090824
190,191,30,22974,Other,North,45.47962996448925
191,192,43,12918,Electronics,West,36.08149425945933
192,193,37,17317,Clothing,North,18.806662822322227
193,194,22,25032,Electronics,North,39.6148132078496
194,195,36,11646,Electronics,West,28.41761625924747
195,196,38,26270,Electronics,East,43.65609916533659
196,197,26,21854,Home,South,14.190926688076596
197,198,36,27474,Food,South,17.51299161196779
198,199,35,24090,Home,South,10.939522362794184
199,200,23,38011,Electronics,East,15.094659543979539
200,201,38,23157,Food,North,19.977115884535763
201,202,40,18550,Home,South,32.373719499724906
202,203,45,23130,Clothing,East,15.229284112134703
203,204,45,27373,Home,North,27.150653100697674
204,205,21,22461,Electronics,West,48.50993016333454
205,206,25,22387,Clothing,South,35.969416552293865
206,207,40,16633,Other,North,19.668016242726186
207,208,40,16896,Electronics,South,1.5531497830961472
208,209,40,12568,Clothing,South,27.998015932124037
209,210,73,44348,Food,South,18.606212320601692
210,211,40,13392,Home,North,11.690970530073955
211,212,46,16694,Electronics,East,28.672806899006137
212,213,44,16525,Electronics,North,45.24646695830735
213,214,41,31507,Electronics,South,17.17814712890066
214,215,31,19575,Home,North,41.98229253993504
215,216,42,36282,Clothing,West,23.346542109232406
216,217,27,16824,Electronics,East,34.30824449809528
217,218,32,24626,Other,North,47.99059691988199
218,219,30,15769,Clothing,West,1.5933791449791295
219,220,35,51951,Electronics,East,35.24481238715656
220,221,58,13697,Clothing,West,65.77252418827442
221,222,18,24932,Home,East,53.79363637806488
222,223,41,28382,Electronics,North,12.275555219550162
223,224,18,25991,Electronics,West,31.62967511292953
224,225,30,20453,Food,South,71.82985797189214
225,226,45,20911,Clothing,West,20.96374939492888
226,227,35,22415,Clothing,East,47.98413981078802
227,228,24,20768,Clothing,North,30.096354758337373
228,229,27,32388,Electronics,East,21.998463055148424
229,230,41,53327,Electronics,West,47.77410693154099
230,231,27,17623,Clothing,West,47.713328419013415
231,232,37,12734,Electronics,South,13.018424985566323
232,233,35,21262,Electronics,North,53.03993887030928
233,234,28,61813,Food,North,0.5368084450143832
234,235,56,15971,Other,West,21.42283776069361
235,236,41,42431,Food,North,29.078800334020393
236,237,18,43091,Food,South,21.064687555536693
237,238,36,17651,Electronics,East,27.983118949271763
238,239,28,27655,Other,North,18.351478160566113
239,240,43,42249,Electronics,West,26.322314115715507
240,241,27,18927,Other,East,42.00664284346136
241,242,33,20303,Other,East,27.754244114871156
242,243,40,17454,Home,South,62.362654781754465
243,244,43,14677,Other,West,27.467473260098828
244,245,22,16988,Home,North,23.117562051690403
245,246,31,13499,Electronics,West,75.01009462025124
246,247,30,22328,Clothing,East,48.77031402753354
247,248,28,16187,Home,West,38.579893959303426
248,249,52,24185,Electronics,North,6.7547454294140845
249,250,39,11821,Home,North,57.954353398202926
250,251,22,25143,Other,South,42.20781732681007
251,252,44,30742,Electronics,North,10.76063974617847
252,253,56,9921,Food,North,37.37010222714219
253,254,45,25581,Other,West,13.742430887514978
254,255,19,35992,Other,West,53.27875402080797
255,256,30,13577,Other,East,55.024374657514905
256,257,47,43003,Clothing,South,45.27973205672552
257,258,27,26045,Other,West,18.582648585372024
258,259,39,16613,Food,North,43.911412045465
259,260,42,21540,Electronics,East,8.755286918647077
260,261,25,27538,Clothing,West,30.255530983062435
261,262,34,22706,Home,South,22.692574261383392
262,263,18,27323,Electronics,South,22.079468487527212
263,264,24,15240,Home,East,9.32182061227306
264,265,32,23570,Home,East,29.187932762260267
265,266,22,12512,Electronics,East,12.935005514766454
266,267,51,21067,Home,East,19.306595004172767
267,268,20,15343,Food,East,38.41686148129106
268,269,30,16412,Clothing,North,29.001827036887377
269,270,36,36114,Electronics,North,19.685360478657664
270,271,49,34081,Electronics,West,13.166709988392618
271,272,20,28103,Clothing,South,34.57640572822914
272,273,46,14229,Other,North,35.98740706896604
273,274,35,19407,Electronics,North,16.974687545557586
274,275,25,35783,Home,North,20.723311870103757
275,276,39,23311,Electronics,West,29.790504425066526
276,277,36,55699,Clothing,East,12.899233875418872
277,278,28,25779,Food,West,32.571217027475754
278,279,35,23785,Home,South,11.183973069886616
279,280,31,19464,Electronics,South,14.440003664758457
280,281,36,23235,Clothing,South,0.7274704741306602
281,282,41,20723,Electronics,South,13.863910240454763
282,283,50,29238,Clothing,North,4.68492653975621
283,284,22,32295,Home,North,20.079260746707877
284,285,56,16084,Electronics,West,17.154965153338303
285,286,18,12932,Electronics,East,5.177184339479075
286,287,33,10567,Clothing,South,27.03666863748114
287,288,40,26989,Other,West,52.79243840181365
288,289,37,14166,Other,North,66.78969467219103
289,290,28,9309,Electronics,North,6.144969359913295
290,291,32,25730,Food,East,30.905677825642492
291,292,30,59706,Clothing,East,35.27065663574891
292,293,29,21973,Clothing,East,40.359326057619214
293,294,43,30803,Food,West,21.44326153952466
294,295,38,22759,Other,North,34.0843697943177
295,296,28,21172,Other,North,41.23610876195106
296,297,43,31813,Home,East,57.24359543433041
297,298,38,19611,Clothing,South,29.297887359138556
298,299,43,24512,Food,East,3.928016313148428
299,300,41,25051,Electronics,West,22.325775316575854
300,301,26,16861,Home,East,33.99068359357701
301,302,29,32755,Clothing,East,18.36811871877602
302,303,42,20537,Home,West,38.85662769655529
303,304,41,16280,Electronics,East,8.462733526759525
304,305,34,27298,Electronics,North,64.34052833138456
305,306,36,15376,Other,South,17.970506049704415
306,307,47,22276,Electronics,East,9.904549474311219
307,308,29,21946,Clothing,West,13.20147770620504
308,309,40,34008,Electronics,South,48.652417688230656
309,310,32,26632,Electronics,West,14.214708714319613
310,311,32,21807,Electronics,South,32.032258218771446
311,312,45,30549,Electronics,South,58.34896095027
312,313,43,38410,Food,East,12.776866366844377
313,314,43,27532,Electronics,North,51.11639862554721
314,315,48,22117,Other,East,40.87543521031225
315,316,35,13033,Home,West,4.062935717394039
316,317,41,14385,Clothing,West,43.84009709406227
317,318,31,19494,Home,South,44.3526823896116
318,319,38,17260,Clothing,South,3.5930195465749235
319,320,33,20439,Food,North,25.996915860043185
320,321,35,22531,Electronics,East,28.84957018176471
321,322,40,27224,Clothing,West,20.906870283677964
322,323,26,21414,Food,South,18.510293303371547
323,324,55,26758,Other,North,7.187748488844417
324,325,24,22601,Food,West,34.77245645641516
325,326,22,9994,Clothing,South,0.9063576455491072
326,327,46,15127,Food,West,27.07572855994038
327,328,42,20792,Clothing,North,20.617001108208978
328,329,41,13576,Clothing,North,23.538928965900958
329,330,41,28000,Electronics,West,37.027859563450846
330,331,34,40631,Home,East,20.744051778707874
331,332,26,35864,Electronics,West,33.200075489313626
332,333,35,20223,Clothing,South,24.355644163812606
333,334,28,39986,Food,East,18.29287440841704
334,335,44,23376,Electronics,South,26.544838867192205
335,336,33,19248,Electronics,West,37.129727106454716
336,337,26,17233,Electronics,East,33.93430997282359
337,338,31,19516,Other,South,1.610866484751807
338,339,39,18858,Clothing,West,37.00401819965376
339,340,29,23580,Clothing,West,30.93305217887315
340,341,26,23487,Food,East,3.437692998017593
341,342,37,22053,Food,West,40.80696401915166
342,343,37,26233,Clothing,North,28.691050458305856
343,344,29,35463,Home,South,62.73568756267822
344,345,30,32203,Food,South,13.000318586576288
345,346,37,12161,Home,West,36.83496292231811
346,347,20,7930,Electronics,West,20.681781732201703
347,348,20,32007,Food,North,50.17603426553671
348,349,27,12749,Clothing,East,25.704534872496765
349,350,32,20132,Electronics,West,60.41340990775811
350,351,38,13793,Clothing,West,7.846811578243269
351,352,49,10712,Electronics,West,29.559458383927883
352,353,43,27353,Electronics,West,36.84777016469394
353,354,33,29841,Food,South,39.310715634519816
354,355,34,17490,Electronics,West,52.9186384271065
355,356,24,7813,Clothing,South,30.996582592299404
356,357,34,17703,Clothing,West,5.67761306426929
357,358,32,25763,Electronics,East,15.550031250253408
358,359,38,12190,Other,North,9.49941831727461
359,360,26,23702,Electronics,East,65.94625321905625
360,361,40,21891,Clothing,West,23.492957049674605
361,362,50,27770,Clothing,West,20.24783509487901
362,363,33,23105,Electronics,West,34.119850118462985
363,364,39,14924,Electronics,East,37.129308732506935
364,365,41,35547,Home,West,25.79043518687058
365,366,30,20673,Other,East,32.84364233508818
366,367,37,21787,Electronics,South,41.97319573933808
367,368,35,15164,Home,North,13.084133584036515
368,369,35,18447,Home,North,32.7505748501498
369,370,27,15461,Food,East,30.90666018759184
370,371,35,20554,Clothing,South,44.329564184438084
371,372,39,43681,Clothing,East,45.19539718395333
372,373,49,12723,Clothing,South,17.662501625710235
373,374,44,11551,Home,West,6.628959192412616
374,375,56,39674,Food,South,26.60565893616861
375,376,27,20257,Electronics,South,35.0135842218205
376,377,43,16854,Clothing,South,51.60959312188699
377,378,36,33388,Other,North,10.97055673936324
378,379,56,17287,Food,South,6.263991629038376
379,380,26,45725,Other,West,13.255741096760387
380,381,26,28887,Food,West,5.832776626883096
381,382,29,18121,Clothing,West,32.54025124454355
382,383,18,52204,Home,South,28.860452011995314
383,384,29,17287,Home,East,35.31826886204156
384,385,27,29638,Electronics,East,13.398942398866827
385,386,36,24827,Clothing,West,40.67854267970843
386,387,38,37074,Home,North,15.629445451515767
387,388,53,41134,Electronics,East,29.695838258246553
388,389,44,22310,Food,South,64.34014985611502
389,390,29,16295,Home,East,14.212150321881287
390,391,26,26475,Other,West,16.699735743790217
391,392,39,16796,Electronics,North,12.969655149386995
392,393,21,49284,Electronics,East,17.82872715496214
393,394,53,23262,Home,East,17.07652951825317
394,395,46,19031,Electronics,West,18.526477559652793
395,396,30,23715,Home,North,21.89311178868813
396,397,18,12850,Food,North,33.82750971926416
397,398,48,14933,Electronics,West,46.04493989406266
398,399,33,35602,Clothing,South,30.110227435041075
399,400,47,16936,Clothing,East,24.097964885512326
400,401,19,14490,Clothing,South,4.185941154216503
401,402,29,27300,Other,East,64.9237693775418
402,403,35,35393,Food,East,28.107209061793668
403,404,35,29365,Home,South,29.134280698889402
404,405,30,32807,Home,West,54.629261179066624
405,406,41,16273,Clothing,West,18.96896141594288
406,407,24,12472,Other,East,24.859690389605777
407,408,33,40156,Home,West,43.922108988887906
408,409,36,19359,Home,East,46.36069255533359
409,410,40,19923,Food,West,26.725772699452076
410,411,42,37469,Electronics,East,28.19303733536357
411,412,23,27515,Food,West,56.927302280789945
412,413,19,26432,Electronics,North,22.367008867922618
413,414,47,52365,Clothing,South,23.061271313703678
414,415,38,17027,Clothing,North,35.31544202561912
415,416,27,31924,Other,South,23.214236376262242
416,417,50,22534,Food,South,23.843899928388844
417,418,36,24524,Home,East,36.52633211887469
418,419,46,40594,Home,South,41.33211757037022
419,420,35,26987,Home,North,14.127774994692722
420,421,55,27318,Other,North,27.89410612672031
421,422,52,33826,Clothing,West,47.70180100982217
422,423,32,19034,Clothing,North,36.1797462056256
423,424,44,15745,Electronics,West,29.61979733556478
424,425,41,14502,Food,South,34.62252555015791
425,426,48,10031,Home,North,10.846004019288348
426,427,25,50135,Clothing,South,22.69082815991945
427,428,41,14167,Electronics,North,15.051581206901055
428,429,45,20160,Food,North,29.450633404439085
429,430,18,19717,Electronics,West,53.62160322633829
430,431,23,24908,Home,South,13.751560636675203
431,432,18,30524,Other,North,26.431929318681085
432,433,32,31075,Clothing,East,16.674076091080735
433,434,42,17444,Electronics,South,12.875606452853877
434,435,50,20602,Home,South,32.68563949085386
435,436,35,24662,Food,South,11.576307637312196
436,437,51,19940,Clothing,West,33.84170503055753
437,438,21,41895,Other,East,35.98383820137326
438,439,18,26806,Electronics,South,17.378302708345014
439,440,34,29553,Clothing,North,27.830288167377248
440,441,38,28714,Home,North,67.41949637316156
441,442,34,35220,Food,West,3.6352156771953603
442,443,18,23680,Electronics,North,22.449436638611182
443,444,34,13111,Food,South,59.83467250653779
444,445,21,25845,Home,North,34.66360764254814
445,446,41,16974,Clothing,South,40.31675737816288
446,447,38,17828,Electronics,North,52.804995515156484
447,448,25,27848,Food,East,45.99431294093182
448,449,29,36145,Electronics,West,33.546094783887995
449,450,24,22214,Clothing,West,39.011958551637285
450,451,34,24922,Electronics,East,14.652283416598802
451,452,44,43516,Food,East,23.358324898373144
452,453,25,24253,Home,West,53.55852061194166
453,454,40,62359,Food,East,54.58906890817872
454,455,29,27617,Electronics,South,29.324689662939285
455,456,27,10891,Home,North,26.06005376897788
456,457,33,29772,Home,West,14.618807443405762
457,458,24,25654,Food,East,38.35829196286626
458,459,29,36897,Other,South,3.7206287908734454
459,460,23,28832,Electronics,West,15.265935678690292
460,461,54,20839,Home,East,32.90940172659268
461,462,35,13497,Electronics,West,30.34090510352169
462,463,28,20259,Clothing,East,26.62427753170681
463,464,37,15674,Electronics,West,23.935286409338104
464,465,33,17462,Clothing,South,6.726024683917943
465,466,32,27873,Clothing,South,54.211489009809185
466,467,41,42957,Home,North,16.6930655302071
467,468,42,25793,Clothing,West,31.25025751898585
468,469,29,13652,Home,North,57.54859263203815
469,470,29,26313,Clothing,West,42.5088965795164
470,471,32,35548,Electronics,East,60.34669008975112
471,472,18,17258,Food,East,16.44219334624456
472,473,19,20876,Electronics,North,20.86997984846618
473,474,48,22156,Clothing,West,48.07181886073227
474,475,51,16091,Home,North,25.076845023001688
475,476,32,28547,Clothing,South,13.701348082005577
476,477,40,20986,Electronics,North,62.45064211462499
477,478,38,26051,Clothing,North,19.181205542314082
478,479,65,15444,Other,East,29.920832157165638
479,480,46,18490,Home,North,26.848915928564885
480,481,33,29405,Home,West,31.44923311622377
481,482,25,18974,Home,East,16.63592123039952
482,483,18,43949,Electronics,North,3.5179780799361633
483,484,37,18772,Clothing,South,34.58810311827689
484,485,27,24097,Food,North,34.84719423435887
485,486,20,31985,Electronics,North,8.214105244379034
486,487,28,12489,Electronics,North,21.57152675400865
487,488,24,10890,Electronics,East,8.269297157896618
488,489,51,11964,Clothing,West,41.67176195864318
489,490,43,36498,Other,South,8.79826518620379
490,491,34,17663,Electronics,North,35.30655050389947
491,492,49,61284,Clothing,West,38.241656334813186
492,493,35,17576,Electronics,West,25.37913909739236
493,494,26,23713,Other,East,60.667846003109624
494,495,50,40816,Electronics,South,1.9293773873010476
495,496,40,49140,Clothing,East,41.87109793560707
496,497,24,50241,Home,West,34.03779918999732
497,498,33,35715,Home,West,48.48744923943458
498,499,26,33177,Clothing,West,61.46509543014494
499,500,21,27917,Clothing,East,28.244542696617415
500,501,44,30071,Clothing,South,23.873026417379783
501,502,54,17668,Electronics,North,53.669352878427276
502,503,21,15878,Electronics,East,16.882476789617254
503,504,40,21996,Clothing,West,42.1936365707615
504,505,28,20576,Electronics,East,32.649520209421794
505,506,30,18374,Electronics,West,56.654981077198116
506,507,29,29101,Home,North,7.14647231169887
507,508,26,32277,Other,North,6.151737848121615
508,509,35,22819,Home,South,20.76698374564722
509,510,26,39775,Electronics,West,27.820649078075316
510,511,37,13951,Electronics,South,38.76273011228859
511,512,34,20384,Other,South,13.732166561977882
512,513,32,16535,Electronics,North,4.255493968319861
513,514,25,10439,Electronics,East,70.27228461514909
514,515,29,21309,Home,East,20.317663544645967
515,516,42,20979,Home,South,46.3688621891993
516,517,40,40351,Home,North,12.020468764069948
517,518,25,28348,Electronics,West,22.82859972837797
518,519,35,14622,Electronics,East,8.954028761679938
519,520,42,46241,Other,South,64.89173234820785
520,521,18,35897,Electronics,East,18.62663953948182
521,522,40,27801,Home,East,6.984079086096595
522,523,28,20118,Home,West,54.52485679678547
523,524,40,15006,Home,North,20.76662094351378
524,525,27,18979,Clothing,West,58.466352523302845
525,526,18,34047,Electronics,North,34.27464554989851
526,527,18,46809,Home,East,28.745988068587547
527,528,35,40835,Food,South,42.033422198834224
528,529,37,18114,Other,West,15.739539363225663
529,530,25,14074,Electronics,North,19.476272087640538
530,531,41,23303,Electronics,East,30.06972383626088
531,532,18,10857,Other,North,41.727790375865325
532,533,34,25065,Home,North,27.909865689419444
533,534,22,20763,Food,North,4.437767225674529
534,535,28,18280,Electronics,East,30.86928661865369
535,536,35,11639,Home,South,21.988137682584608
536,537,26,27049,Home,South,27.79642391875149
537,538,31,17799,Home,South,24.802811702810665
538,539,45,13794,Clothing,North,24.39313657508924
539,540,29,6982,Electronics,East,28.669068665997795
540,541,43,21785,Home,North,45.677590314148766
541,542,23,44752,Electronics,South,11.57562816214143
542,543,40,42809,Clothing,South,21.332273652689306
543,544,49,18345,Other,East,10.900919371050446
544,545,18,17311,Clothing,North,20.70014398483526
545,546,27,26569,Food,West,27.856890114410344
546,547,40,14774,Electronics,West,11.69248202694525
547,548,32,24852,Home,South,31.549142985616623
548,549,38,29924,Other,East,31.622120446438366
549,550,28,35981,Electronics,North,13.422725697303834
550,551,35,21161,Electronics,North,22.30419324819254
551,552,33,20303,Clothing,South,4.385571218266866
552,553,46,15503,Electronics,South,13.662661344028932
553,554,37,15823,Home,North,19.35168773138802
554,555,38,20118,Other,North,17.53686069103065
555,556,30,25513,Clothing,South,5.910023636451087
556,557,30,31743,Electronics,North,10.248072450369504
557,558,30,15974,Clothing,West,22.2156038083459
558,559,38,40017,Home,South,50.00285008772033
559,560,30,19762,Electronics,North,40.091269066913185
560,561,37,21839,Home,South,27.14066205793128
561,562,55,16335,Home,East,36.171810344678384
562,563,43,8352,Home,South,52.5270632394125
563,564,31,31370,Electronics,South,9.372930398294125
564,565,47,29576,Home,East,54.165928731039244
565,566,30,19682,Electronics,West,37.5962763358341
566,567,18,22624,Electronics,North,45.74049041565562
567,568,24,27075,Food,East,10.113053816123028
568,569,18,11789,Home,South,19.827537557687062
569,570,31,17825,Electronics,North,44.17852325659172
570,571,35,30263,Electronics,East,25.460602075477478
571,572,51,13336,Electronics,North,23.121024686283924
572,573,38,24770,Electronics,North,52.68198911496275
573,574,32,12802,Electronics,East,23.33083074794687
574,575,43,26544,Electronics,North,31.115695134245584
575,576,18,21714,Clothing,West,52.4666091044456
576,577,37,11544,Home,East,55.974819632807204
577,578,42,35097,Home,West,13.000533513897384
578,579,20,16418,Home,South,22.66906582078569
579,580,46,15929,Electronics,North,39.42268652361112
580,581,38,23866,Other,South,59.65756479476296
581,582,30,34872,Food,South,13.26139166973097
582,583,41,14671,Food,North,40.25938354059749
583,584,57,22576,Food,East,23.855608755377553
584,585,36,26147,Other,North,52.07941326840836
585,586,37,29063,Clothing,South,14.495928591700528
586,587,30,23637,Electronics,South,53.008511662388315
587,588,26,19018,Home,East,39.11389771858987
588,589,43,15818,Home,North,21.296874618134353
589,590,26,22798,Home,South,6.885748190542336
590,591,35,14344,Clothing,West,34.95093655024614
591,592,30,6846,Electronics,South,25.38970213381382
592,593,39,26229,Clothing,South,4.99665015511726
593,594,38,31620,Other,East,53.90471040258038
594,595,45,8559,Home,West,21.800874720101778
595,596,29,14707,Clothing,South,51.18208698936792
596,597,32,28216,Electronics,South,36.383550059999706
597,598,25,50161,Clothing,West,54.451120717823166
598,599,30,22210,Food,North,2.1424560859513444
599,600,38,16461,Home,North,30.393615862501594
600,601,42,20472,Food,South,65.20465348706162
601,602,25,38175,Clothing,South,14.106139002088291
602,603,43,17010,Home,North,29.87765014304245
603,604,48,15999,Electronics,East,9.442851918802523
604,605,39,18158,Home,West,63.59035595895273
605,606,53,15043,Clothing,West,21.821606088093304
606,607,27,23134,Clothing,East,31.5482416206224
607,608,22,42187,Home,East,26.070792612118883
608,609,18,25065,Other,East,42.24273898295277
609,610,49,19911,Electronics,East,17.082926524558278
610,611,41,19599,Food,East,25.65863199801682
611,612,34,11786,Electronics,East,26.515744336502017
612,613,37,31358,Clothing,West,6.069065270309633
613,614,23,21351,Electronics,East,3.981419539660806
614,615,59,20492,Clothing,North,33.542493553849475
615,616,36,79003,Clothing,East,4.610898882254193
616,617,36,24822,Electronics,East,22.876947246039812
617,618,42,16305,Clothing,West,12.774179627077423
618,619,39,18572,Other,West,28.801554640281367
619,620,37,34869,Electronics,East,41.48286839675103
620,621,27,23047,Food,West,41.251932053222404
621,622,39,12390,Clothing,South,32.3821357478851
622,623,53,31814,Home,West,31.353705931765425
623,624,48,16860,Electronics,West,44.00307639755862
624,625,50,46598,Electronics,West,32.12658186958191
625,626,29,33928,Electronics,West,18.06338066103015
626,627,25,18417,Electronics,North,4.570184569445863
627,628,33,36768,Electronics,North,48.56923468537113
628,629,35,22632,Home,North,65.18362739185918
629,630,45,30980,Food,East,19.314955151795594
630,631,18,26739,Food,East,20.605113739292037
631,632,50,15700,Home,South,4.119536324293344
632,633,33,17027,Electronics,North,20.56788360416841
633,634,30,33255,Electronics,East,25.109787232048447
634,635,24,19265,Clothing,West,13.708514515114265
635,636,18,18742,Electronics,West,13.027400524247831
636,637,43,15032,Clothing,North,27.226555093312328
637,638,35,26093,Clothing,South,24.611140006925435
638,639,22,50262,Clothing,South,14.120210922988848
639,640,22,14371,Clothing,West,48.611459921711756
640,641,31,22240,Food,South,1.4780399990921698
641,642,51,38750,Food,North,45.39745004458399
642,643,32,21335,Clothing,West,14.23233410525009
643,644,19,26395,Other,East,24.148516808347146
644,645,32,14400,Other,East,33.406224991965594
645,646,32,26142,Clothing,South,28.108809171126843
646,647,18,20437,Clothing,West,20.612937316352532
647,648,34,32672,Clothing,West,18.51448303269187
648,649,32,35417,Other,East,24.593288911295918
649,650,41,62058,Food,West,43.82524363063503
650,651,53,27773,Electronics,West,34.90695177338801
651,652,46,25092,Clothing,West,11.797091530700014
652,653,32,23807,Home,South,55.475133751516246
653,654,23,19124,Clothing,West,7.677377226121533
654,655,60,25220,Electronics,North,48.397463967689056
655,656,35,19571,Food,South,36.7693437855412
656,657,35,23561,Home,West,8.133912099374866
657,658,34,37310,Food,West,45.55342931594335
658,659,36,14726,Food,North,37.40042746314323
659,660,33,34750,Home,South,34.039059318099795
660,661,29,37303,Clothing,East,14.67751624799286
661,662,29,21010,Home,East,26.731000106425494
662,663,34,9426,Electronics,South,16.045474274024674
663,664,29,17272,Home,West,30.505491860505536
664,665,27,37004,Electronics,West,10.389755243693713
665,666,36,21825,Home,East,58.56177790771253
666,667,32,14768,Electronics,East,28.277292831949335
667,668,50,17999,Electronics,East,21.349160042160204
668,669,18,30830,Electronics,North,35.59589768372399
669,670,45,27410,Electronics,East,57.345957338536635
670,671,47,20018,Home,North,16.39735907199302
671,672,18,19020,Home,South,41.380820189462774
672,673,31,18831,Clothing,West,29.331542185761876
673,674,31,15230,Electronics,East,24.207956740808186
674,675,20,42030,Electronics,West,2.7126752195815738
675,676,27,19362,Electronics,West,33.06799193500325
676,677,23,35841,Electronics,East,40.271808547001314
677,678,52,40478,Food,East,49.027942323195845
678,679,44,32837,Electronics,South,40.97408355054224
679,680,47,18533,Clothing,North,23.165967049274276
680,681,42,25886,Electronics,North,13.816533619505018
681,682,23,21814,Electronics,West,3.1426297406720205
682,683,29,15344,Clothing,East,42.13183685883099
683,684,39,25077,Home,South,33.242093563212066
684,685,22,13744,Electronics,South,26.139806288100587
685,686,42,35421,Electronics,South,13.597794871736024
686,687,32,18290,Clothing,South,5.855693160632409
687,688,31,23872,Electronics,South,60.14318584295842
688,689,42,24669,Electronics,North,54.2582950337692
689,690,39,19859,Other,North,62.981130167879115
690,691,31,27852,Home,North,58.441029727183476
691,692,46,18215,Home,East,26.239306334464057
692,693,24,31210,Clothing,West,13.723390477446188
693,694,41,12856,Clothing,South,21.205340635920894
694,695,40,23168,Clothing,East,14.378316666901567
695,696,31,47837,Home,South,16.497031625303862
696,697,38,14762,Home,North,35.07234479976579
697,698,22,16796,Electronics,East,12.36767140023194
698,699,44,27053,Clothing,North,30.013012906441638
699,700,33,23666,Clothing,South,8.817666749276759
700,701,29,25342,Food,South,28.13573235923288
701,702,45,26787,Home,West,26.27604540410931
702,703,27,28392,Clothing,South,57.17220352780183
703,704,20,34333,Electronics,North,9.787928660380361
704,705,19,25950,Home,South,18.090841061389792
705,706,41,20000,Electronics,West,19.189297244548907
706,707,22,28825,Clothing,West,43.78854504808222
707,708,52,47096,Electronics,North,27.657048229760857
708,709,18,20888,Home,East,36.00801505110385
709,710,51,14915,Electronics,South,29.820374710933635
710,711,37,34297,Clothing,West,11.032125402614003
711,712,34,20990,Food,South,15.188907529291921
712,713,29,9236,Electronics,South,39.0328238498523
713,714,38,30914,Clothing,East,33.11068861312367
714,715,34,17780,Clothing,West,20.087761140802478
715,716,46,21243,Electronics,South,4.897961730116127
716,717,36,25154,Food,West,12.330677773666151
717,718,36,23770,Electronics,North,33.49205797884951
718,719,31,29254,Clothing,North,13.97202806821597
719,720,34,18505,Home,South,57.91007161606667
720,721,38,27044,Home,West,74.19448036885942
721,722,18,19854,Home,South,22.9838746712316
722,723,21,29599,Electronics,West,41.54026027994106
723,724,42,28173,Electronics,West,33.250620488610934
724,725,36,15151,Home,East,42.6517797894386
725,726,33,34009,Clothing,East,66.09010846342682
726,727,35,17776,Food,East,29.30990674380786
727,728,38,30431,Food,South,1.3338125594690553
728,729,29,25512,Food,East,33.712256543589206
729,730,27,45948,Clothing,East,51.70278545537692
730,731,36,20143,Clothing,North,5.722794469226917
731,732,25,19154,Food,West,60.68938944826024
732,733,39,21856,Clothing,West,64.35601389477846
733,734,18,19510,Electronics,East,44.02367281231248
734,735,45,30332,Food,West,7.909472550479474
735,736,39,11538,Food,North,26.411880581258146
736,737,37,14451,Clothing,North,14.50596760975019
737,738,44,14369,Electronics,East,34.46424575993012
738,739,51,32212,Clothing,North,12.057825936537215
739,740,45,43662,Food,West,51.77780423520806
740,741,18,21125,Other,South,22.90506178869762
741,742,22,20588,Electronics,West,21.15046095867501
742,743,28,22652,Electronics,South,19.627872082327023
743,744,35,35057,Food,East,18.236175387586815
744,745,40,15200,Clothing,South,25.225174752696173
745,746,27,24230,Clothing,North,4.065240918944571
746,747,36,32535,Other,West,35.78187963663263
747,748,27,26914,Electronics,South,15.550326169247853
748,749,28,23761,Home,West,42.35698184514463
749,750,20,32873,Electronics,East,44.685219369483505
750,751,25,7470,Clothing,East,44.49458737235301
751,752,21,28887,Food,North,34.95493880605239
752,753,25,16955,Clothing,East,31.59843982220047
753,754,45,10590,Other,South,49.764687439639275
754,755,25,27024,Home,East,35.30190604115068
755,756,61,38156,Clothing,North,34.852320777489496
756,757,39,20848,Electronics,West,39.83673609104406
757,758,36,32246,Clothing,West,59.24717736409679
758,759,26,41978,Clothing,East,65.3566303622116
759,760,42,37270,Electronics,South,6.796828775507222
760,761,29,42445,Clothing,North,44.717098881103226
761,762,36,29639,Clothing,South,11.589173380314252
762,763,60,22701,Home,North,28.143334907335056
763,764,34,11605,Home,East,11.956740938013885
764,765,46,19961,Home,North,19.888562321116215
765,766,27,15720,Electronics,North,7.044139226118197
766,767,34,52489,Electronics,East,45.51597928900048
767,768,52,20530,Home,South,37.9625712051158
768,769,28,23139,Clothing,East,66.1813144500978
769,770,53,27462,Electronics,North,44.064618606645986
770,771,42,22413,Food,East,6.948792611562547
771,772,29,43391,Food,North,50.959856127557465
772,773,41,17170,Clothing,East,14.93362462553793
773,774,44,23809,Electronics,West,31.4720980619649
774,775,41,16366,Food,West,10.387418789996019
775,776,19,12990,Home,East,59.29483893002673
776,777,27,17245,Food,South,14.932316516690733
777,778,32,21702,Food,North,17.296957661999926
778,779,34,18551,Food,West,53.97535652724146
779,780,41,16697,Clothing,South,20.638116668271504
780,781,36,12549,Electronics,North,55.492986421005256
781,782,21,21306,Home,West,26.469616515204926
782,783,38,12065,Home,West,20.752197434122817
783,784,41,29852,Home,East,5.368011974130837
784,785,40,22764,Electronics,North,44.52027338423294
785,786,45,12295,Electronics,South,61.84913264668911
786,787,43,19463,Food,South,30.79636847431777
787,788,39,16303,Home,South,62.019833836912454
788,789,34,25025,Other,North,15.909065280331443
789,790,18,37653,Food,South,36.46050375441866
790,791,39,10403,Home,South,19.76561346945491
791,792,37,23063,Home,South,56.60612912767989
792,793,37,20659,Food,East,21.270147787053588
793,794,22,28811,Home,East,31.773482354211918
794,795,24,23987,Home,North,45.41464829682412
795,796,45,16304,Electronics,North,54.5266438474012
796,797,34,19387,Clothing,South,60.96707303826775
797,798,41,16019,Home,East,5.40647978366633
798,799,35,33873,Electronics,West,45.87949191993256
799,800,35,22215,Electronics,West,27.97013575382582
800,801,44,47121,Clothing,South,30.727710845800132
801,802,29,21498,Electronics,South,32.62316154908033
802,803,35,16591,Electronics,East,10.722526643173298
803,804,30,12022,Clothing,East,37.70639818680073
804,805,30,10707,Other,East,16.40530395814309
805,806,31,11688,Clothing,North,9.330735258658555
806,807,37,24510,Electronics,North,42.918851852003115
807,808,30,26997,Electronics,South,43.91404412077546
808,809,47,11702,Home,North,49.07174735759635
809,810,26,31508,Clothing,East,23.375009773159185
810,811,33,18156,Food,East,58.73590601705874
811,812,30,23358,Home,North,27.353861055878255
812,813,49,41977,Food,West,53.38089235523403
813,814,36,31531,Electronics,South,49.77652419867526
814,815,45,19783,Home,West,19.639232316728123
815,816,20,15421,Electronics,South,20.69828162119684
816,817,37,9313,Other,West,30.928078521833818
817,818,43,16520,Home,North,64.64823574417933
818,819,35,20242,Clothing,South,22.01679526464557
819,820,45,14840,Electronics,South,32.830801097531435
820,821,29,20899,Electronics,South,33.25299875567103
821,822,49,22714,Home,East,21.43248981093348
822,823,57,20131,Electronics,East,57.2961885670593
823,824,31,16983,Home,West,20.519381117795476
824,825,30,23563,Electronics,North,34.13790661984561
825,826,49,26285,Home,East,36.965400535978404
826,827,50,14240,Food,South,44.57419178347825
827,828,29,38730,Food,East,32.98240899255619
828,829,30,21174,Food,North,16.97069302969916
829,830,32,22193,Electronics,East,56.34015339795546
830,831,21,29239,Electronics,South,1.0196305733309297
831,832,25,24180,Home,West,24.9757370134977
832,833,24,32249,Clothing,South,28.196937401071487
833,834,27,24707,Clothing,North,40.258254268631724
834,835,34,17240,Electronics,West,19.538293948857568
835,836,37,25453,Electronics,East,39.933212326921584
836,837,50,13939,Electronics,East,32.09957965246972
837,838,25,23004,Food,East,39.94507004177966
838,839,44,21735,Electronics,West,44.884385192830614
839,840,32,20267,Home,South,37.86139427673284
840,841,34,20922,Electronics,West,46.50848299745363
841,842,41,10376,Home,West,34.548953893602096
842,843,23,17685,Clothing,North,16.4556678652816
843,844,38,22859,Food,West,13.664641922484911
844,845,36,23480,Food,East,36.7168863065108
845,846,39,14602,Clothing,South,14.66526371833348
846,847,37,36544,Other,South,3.959656491633954
847,848,59,15576,Other,South,59.67975038025918
848,849,28,32460,Food,East,64.29565418317446
849,850,29,26131,Food,East,14.532007470929791
850,851,28,17009,Electronics,East,21.519985574000643
851,852,29,44807,Home,East,16.81349993208284
852,853,28,13664,Electronics,East,35.8651512414039
853,854,46,31813,Electronics,West,16.118621192947327
854,855,49,32867,Other,East,19.80749629322979
855,856,29,16844,Clothing,East,42.307013488049805
856,857,26,38445,Home,East,10.168847227389954
857,858,39,19929,Food,East,30.398640569449732
858,859,29,24722,Food,South,9.32043709013969
859,860,41,24443,Other,East,13.766859448242402
860,861,37,20874,Electronics,West,8.085886008776843
861,862,19,30464,Electronics,West,26.37039916695148
862,863,50,30254,Clothing,West,29.999899554195242
863,864,52,10944,Electronics,North,2.798350076654308
864,865,28,37113,Electronics,South,25.04144814476039
865,866,31,11327,Clothing,East,7.9013707656227545
866,867,37,33290,Food,North,65.39070556854912
867,868,38,34567,Home,East,45.099394877096024
868,869,41,14237,Clothing,North,33.20008315966244
869,870,55,18688,Home,North,46.02228572039305
870,871,33,14153,Electronics,West,22.13857381378771
871,872,27,20211,Electronics,West,41.973697615822616
872,873,21,19473,Food,North,14.232010897702029
873,874,27,30087,Home,West,25.62395342290904
874,875,34,37202,Food,North,12.757284673255388
875,876,52,38494,Electronics,South,75.34571723589039
876,877,29,17590,Food,West,3.826143912083909
877,878,37,20258,Home,West,8.38560409206155
878,879,34,11233,Home,West,14.72667855195153
879,880,46,15956,Home,South,52.231694760654634
880,881,60,32400,Food,North,24.067820649124144
881,882,29,42033,Home,East,16.309698194543632
882,883,30,13443,Home,West,39.3665375381138
883,884,45,17378,Other,North,73.13887034077507
884,885,41,21795,Food,South,19.802573757255125
885,886,53,24638,Clothing,East,42.42647224794804
886,887,40,15933,Home,West,45.31361097400451
887,888,31,26098,Clothing,South,16.137387275917657
888,889,40,18223,Electronics,South,8.403141133803967
889,890,46,21899,Home,East,17.31853112218075
890,891,43,27405,Other,North,34.88472438861067
891,892,40,22083,Other,West,26.933320198233172
892,893,45,18498,Clothing,West,21.90969919273949
893,894,46,21081,Clothing,North,13.844417239497291
894,895,48,21261,Electronics,North,14.654278243889483
895,896,41,18996,Other,North,34.10801952659176
896,897,33,19860,Other,East,22.662661650385417
897,898,36,41750,Home,East,24.8131863936149
898,899,47,27566,Food,West,1.1288886856373221
899,900,26,19571,Home,East,17.96304257336534
900,901,38,29108,Home,South,51.848967426412415
901,902,31,19273,Electronics,West,49.392221609648
902,903,35,35215,Clothing,East,46.78709132633554
903,904,47,25536,Home,North,44.450100105555066
904,905,36,21101,Home,South,27.92707649792415
905,906,35,26346,Clothing,North,45.9735829054941
906,907,21,11750,Other,West,16.76482459134817
907,908,42,14034,Electronics,North,49.029515395421974
908,909,41,13662,Clothing,East,19.05332437639825
909,910,56,23322,Home,East,42.83386564332016
910,911,31,44046,Home,West,38.421558326519694
911,912,37,53772,Home,North,24.70388269276336
912,913,37,28430,Electronics,West,2.7577931345271547
913,914,50,26912,Electronics,North,57.03076004290429
914,915,34,10716,Home,South,36.29016265021981
915,916,37,17728,Home,East,27.197951974525985
916,917,41,16072,Electronics,West,32.06222257281709
917,918,36,17182,Home,South,6.848935279224206
918,919,30,20593,Clothing,South,14.519656043427439
919,920,36,18236,Home,West,48.90693999611847
920,921,45,9979,Food,West,57.079992788341336
921,922,24,29707,Electronics,South,12.211188229778081
922,923,36,14341,Electronics,North,31.990659288970434
923,924,27,24238,Food,South,28.64796801727
924,925,46,50495,Home,West,42.54476061773757
925,926,19,15248,Home,South,21.106772948925702
926,927,29,8005,Food,North,41.15860527160598
927,928,38,19645,Food,East,44.91558671991043
928,929,50,34213,Other,East,26.793124519078653
929,930,34,48210,Clothing,South,41.766802910529876
930,931,29,13469,Clothing,North,15.010894680119199
931,932,53,26867,Clothing,East,47.18291758128962
932,933,20,18285,Electronics,South,8.879666648103434
933,934,18,21112,Home,South,46.785610708389356
934,935,39,63432,Electronics,North,46.88915625596437
935,936,29,12074,Other,West,34.844406917218706
936,937,24,24379,Home,South,26.408058224004797
937,938,42,26557,Home,West,18.39016666596838
938,939,37,34006,Clothing,West,41.065611985185676
939,940,29,22906,Electronics,East,5.961402289960403
940,941,22,24914,Electronics,West,18.162748643710223
941,942,43,18832,Clothing,North,37.45706079748254
942,943,41,24529,Electronics,East,19.13520229422708
943,944,34,19201,Home,East,21.21450647221529
944,945,53,28243,Food,East,29.396711960969512
945,946,24,18999,Food,South,27.749119186196054
946,947,19,25612,Home,South,8.585787626857316
947,948,28,21770,Electronics,West,23.368255004054266
948,949,34,34558,Food,East,33.19202093040391
949,950,37,21578,Food,East,43.09775708003919
950,951,32,10837,Electronics,North,54.052770459458685
951,952,38,36489,Home,West,36.24885883346082
952,953,22,15332,Electronics,North,3.054343973064911
953,954,49,16957,Food,West,68.1042092567164
954,955,34,17356,Other,West,37.589840268091436
955,956,46,38168,Electronics,South,21.20051593270262
956,957,38,9374,Food,South,23.840619499328707
957,958,39,77272,Home,North,34.56372210602897
958,959,40,33604,Other,West,13.651635783174878
959,960,39,24083,Clothing,East,12.164616902923703
960,961,41,21548,Food,South,26.009056477661087
961,962,48,24691,Electronics,East,68.52982278784152
962,963,36,27131,Clothing,North,40.36573143827592
963,964,42,28512,Electronics,South,12.586831298425437
964,965,34,27508,Other,South,1.366579653308466
965,966,49,22830,Food,West,11.703296646827727
966,967,28,20354,Food,North,33.27911607805335
967,968,53,20733,Other,West,20.757618311556143
968,969,34,20374,Electronics,South,45.945073513635585
969,970,20,34665,Clothing,North,14.149213049644796
970,971,36,27929,Electronics,South,25.408657673001382
971,972,28,6794,Electronics,North,50.677215822239205
972,973,43,28634,Electronics,South,13.770392341978276
973,974,28,23810,Clothing,East,17.9715216973904
974,975,30,21862,Electronics,East,24.64218506051932
975,976,18,18856,Electronics,West,31.662133738986803
976,977,30,34532,Electronics,East,26.3497431819295
977,978,18,32177,Electronics,South,6.231094074553364
978,979,19,16168,Other,South,13.432106246488335
979,980,42,25921,Food,East,21.98364844037171
980,981,42,14933,Other,West,20.66498134671736
981,982,39,12684,Clothing,East,48.814650018623304
982,983,25,17142,Electronics,North,57.58705082513509
983,984,34,31099,Food,North,50.98772553009548
984,985,34,32249,Clothing,North,12.310986037732494
985,986,23,27044,Electronics,East,53.40564936477953
986,987,50,29437,Electronics,East,30.002336426508446
987,988,43,27077,Electronics,East,20.303599789428606
988,989,32,17041,Electronics,North,26.102304777701253
989,990,35,26180,Clothing,West,34.91495938444785
990,991,37,30338,Home,South,54.4808127323102
991,992,18,29783,Electronics,East,41.05295472785979
992,993,32,35438,Electronics,West,2.6592238491727644
993,994,28,29240,Food,South,58.46196094727675
994,995,24,25351,Electronics,South,4.81860787834624
995,996,32,33794,Clothing,South,36.199761819166945
996,997,52,21794,Food,West,44.452164760997974
997,998,41,15479,Electronics,West,41.58547151893631
998,999,29,20635,Electronics,North,8.841067401107656
999,1000,40,16350,Clothing,West,47.15625233688158
